ID,adj.P.Val,logFC,SEQUENCE,GENE_SYMBOL,GENE_NAME,DESCRIPTION
A_44_P552915,1.969871253623165e-6,2.2740681453999994,GAAAACGCAATCAGCTTCCACATCTCCAGCAAGCAATCAAGCACAGAAACAGACTCACAC,Cpt1c,carnitine palmitoyltransferase 1c,"Rattus norvegicus carnitine palmitoyltransferase 1c (Cpt1c), mRNA [NM_001034925]"
A_44_P1040207,3.950435728297095e-6,1.6709947059999966,GGAGAAGAATTTGTGGAGGACAACAAAGGACTGGATAACAGAAAATGCATGAGCACAGTT,Rbp7,"retinol binding protein 7, cellular","Rattus norvegicus retinol binding protein 7, cellular (Rbp7), mRNA [NM_001108693]"
A_64_P029333,4.600053014059322e-6,1.7512306339999988,TTATGGCGTGGTGTCCATGTGCATCGGGACTGGGATGGGAGCCGCTGCTGTCTTTGAATA,Acaa1b,acetyl-Coenzyme A acyltransferase 1B,"Rattus norvegicus similar to 3-ketoacyl-CoA thiolase B, peroxisomal precursor (Beta-ketothiolase B) (RGD1562373), mRNA [NM_001040019]"
A_64_P158491,9.66457526822366e-6,1.6388015649999996,AGAGGGATGGTACAGGAGCCATCTTCGTGGGACACTCAGCAGTGGAGGGATTTGTCACAG,Acaa1a,acetyl-Coenzyme A acyltransferase 1A,"Rattus norvegicus acetyl-Coenzyme A acyltransferase 1A (Acaa1a), nuclear gene encoding mitochondrial protein, mRNA [NM_012489]"
A_44_P255305,1.2247877210943509e-5,2.841177485600002,CACACCACCAAAATGGAGAGCATCCAGGTCCTAGAGGAATGCCAAAACCCCACTGCAGAT,Rgs17,regulator of G-protein signaling 17,"Rattus norvegicus regulator of G-protein signaling 17 (Rgs17), mRNA [NM_001107459]"
A_64_P029335,3.338193014499092e-5,1.801058493999994,ACTGTGTGGAGAAGCTGGGAATTCCTGCAGAAAAGGTGAACCCCCTGGGGGGTGCAATAG,Acaa1b,acetyl-Coenzyme A acyltransferase 1B,"Rattus norvegicus similar to 3-ketoacyl-CoA thiolase B, peroxisomal precursor (Beta-ketothiolase B) (RGD1562373), mRNA [NM_001040019]"
A_43_P12786,4.109880764279701e-5,1.6327174930000012,TGGAAACTCGTCTCCAGTGAGAACTTCGATGATTACATGAAAGAAGTGGGAGTTGGCTTC,Fabp4,"fatty acid binding protein 4, adipocyte","Rattus norvegicus fatty acid binding protein 4, adipocyte (Fabp4), mRNA [NM_053365]"
A_64_P048187,1.1426429362209324e-4,1.0889635488000016,TTACAGAAAAAGCATGCAGAGCTTTAAACAAAACAAATAAAATTCTTATTACAACAGGAA,Igfbp7,insulin-like growth factor binding protein 7,"Rattus norvegicus insulin-like growth factor binding protein 7 (Igfbp7), mRNA [NM_001013048]"
A_44_P438863,1.6360868665951656e-4,1.4183480997000002,CTAGAAGATTTCTTTAAACTACTGATCAGTTACCTAGGTTAACAACCCTCTCGAGTATTT,Serpine2,"serine (or cysteine) peptidase inhibitor, clade E, member 2","Rattus norvegicus serine (or cysteine) peptidase inhibitor, clade E, member 2 (Serpine2), mRNA [NM_019197]"
A_44_P220256,1.9359700354679407e-4,1.1527731836,AGATCGGTTTGTCTCTATGAAGGTTGACTTCATCCGACTAAAAAGTTACAAGAACGATCG,Prtfdc1,phosphoribosyl transferase domain containing 1,"Rattus norvegicus phosphoribosyl transferase domain containing 1 (Prtfdc1), mRNA [NM_001106127]"
A_44_P334953,2.3404457304082072e-4,1.5795178572999982,CGCCATGAAGGAGGATAACGAGAAGGTGCCTACTTTGCTAACGGACTACATTTTAAAAGT,Fez1,fasciculation and elongation protein zeta 1 (zygin I),"Rattus norvegicus fasciculation and elongation protein zeta 1 (zygin I) (Fez1), mRNA [NM_031066]"
A_43_P14933,2.764578539707766e-4,1.2995106337000024,TGTGAGAAAGCCACACAGATGCCTTTGCTGTGTGCCTGGTTCTGATTCATGGCTTAATAA,Ggh,"gamma-glutamyl hydrolase (conjugase, folylpolygammaglutamyl hydrolase)","Rattus norvegicus gamma-glutamyl hydrolase (conjugase, folylpolygammaglutamyl hydrolase) (Ggh), mRNA [NM_012960]"
A_64_P046948,3.411290227739306e-4,1.7624159263999974,TCACCCTTCCTCGGTACCTATGTGGGGAGAGATTAGGCAAATAAAAACCAGAGGACTGAA,Rap2ip,Rap2 interacting protein,"Rattus norvegicus Rap2 interacting protein (Rap2ip), mRNA [NM_198758]"
A_64_P128959,4.67663617253025e-4,2.0554569272,TCTGTTCTGAGATGCGATTTTTCTAATGCCTTGACATCAGTGCAGTGGTTCCGACAGGAT,,,Uncharacterized protein [Source:UniProtKB/TrEMBL;Acc:D3ZVJ1] [ENSRNOT00000068427]
A_64_P011301,5.762068982303033e-4,1.1175584129000002,CCTGCTCACCTGTTCGGCAGTCATTGCAGTCCTTACTGTAAAATGCTTCTTGTTTATTTA,Ugt2b5,"UDP glucuronosyltransferase 2 family, polypeptide B5","Rattus norvegicus UDP glucuronosyltransferase 2 family, polypeptide B5 (Ugt2b5), mRNA [NM_153314]"
A_64_P034899,7.460802474492628e-4,1.9433904186000017,TTCTACCTGGCTTCAGGAACAAAGGAGAACAGGAGGTTAAAGTCAACATTCGATGCTTAG,,,"Rattus norvegicus similar to T cell receptor  V-alpha J-alpha (LOC290165), mRNA [XM_224125]"
A_64_P133289,7.820164845000222e-4,1.1339373323000022,GCATGTTTTGTGCATGAGTAGTAGTTATTTGGATTCCTGTTTTGATATTCCTGTTGTTGA,,,"RVL17674 Wackym-Soares normalized rat vestibular cDNA library Rattus norvegicus cDNA 5', mRNA sequence [DV725494]"
A_44_P622992,7.820164845000222e-4,1.9855435829000019,GATTATGAAGAAGTGGGGACTGATTCGTTTGAAGAAGAAAATGAGGGGGAGGAATTTTAA,Tuba8,"tubulin, alpha 8","Rattus norvegicus tubulin, alpha 8 (Tuba8), mRNA [NM_001024339]"
A_42_P641962,0.0018509834360890126,1.4646678972999991,GTCTGTTGAATCCACAACTTCAAATAAGAAATCAGTGAAGCAAATCTAATGTTAACCCTG,Pcsk6,proprotein convertase subtilisin/kexin type 6,"Rattus norvegicus proprotein convertase subtilisin/kexin type 6 (Pcsk6), mRNA [NM_012999]"
A_44_P102588,0.002051849751536322,1.5847472154999984,AGAGATTCTGGTCATTAACAAGGTCTTCAAGATGATTCCCGCTGTGGTGGATGGAGAGTT,Ces2c,carboxylesterase 2C,"Rattus norvegicus carboxylesterase 2C (Ces2c), mRNA [NM_133586]"
A_64_P022090,0.0025907172074219323,1.1118976179999969,AGACTGCACAGATGTGTTTGTGGATGCATAGTTTGTGATTAAACGAGCGTTCTTAAACTT,Ramp1,receptor (G protein-coupled) activity modifying protein 1,"Rattus norvegicus receptor (G protein-coupled) activity modifying protein 1 (Ramp1), mRNA [NM_031645]"
A_64_P141038,0.0027744610925485493,1.1400263850000005,TACACGCGTTTCCGAACCCCTGAACCTGACAATCATTACGACTTTTGCCTCATACCTTGA,Bex4,"brain expressed, X-linked 4","Rattus norvegicus brain expressed, X-linked 4 (Bex4), mRNA [NM_001037554]"
A_64_P139063,0.003108927032880576,2.1145759361999996,CTCTGAAAACCCATGATAGTAGCTTTGAACTGGAAAATAAAGTAACACCAAGTCTGAAAA,LOC683788,similar to Fascin (Singed-like protein),"Rattus norvegicus similar to Fascin (Singed-like protein) (LOC683788), mRNA [NM_001100806]"
A_42_P679814,0.0031215822355808174,1.2960364436999967,ACCAATTTTCCAACCAGAAGGACCCATCATCCTAAAGCTTGTGTCAAGAGATTAAACCCA,Cyp3a18,"cytochrome P450, family 3, subfamily a, polypeptide 18","Rattus norvegicus cytochrome P450, family 3, subfamily a, polypeptide 18 (Cyp3a18), mRNA [NM_145782]"
A_64_P159404,0.0036004205687753124,1.0438323269999952,TTTCATTGTGCTCCCCATTACGGTCACACTGCTCATGACTGCCCTGGTGGTCTGGAGGAG,Ramp1,receptor (G protein-coupled) activity modifying protein 1,"Rattus norvegicus receptor (G protein-coupled) activity modifying protein 1 (Ramp1), mRNA [NM_031645]"
A_64_P068052,0.0036655512531588792,1.144163900399997,AAATATGTGTCTAGTTTATCCGAGCTCAGTGGGTTGATCCCCATGGACTGCATCCACATT,Prune2,prune homolog 2 (Drosophila),Protein prune homolog 2 [Source:UniProtKB/Swiss-Prot;Acc:Q5BJR4] [ENSRNOT00000054794]
A_64_P122168,0.00397942851320221,1.0209443639,ACATGCGCACACACAAAGGGGGGAACACACACAAATGGAAACAATTGTAAGCACTTTTTT,Lhx6,LIM homeobox 6,"Rattus norvegicus LIM homeobox 6 (Lhx6), mRNA [NM_001107837]"
A_44_P385117,0.004453655791617395,1.4756457580999989,CCCTCGGGTTTTACTGTTTTCTTTTCTATTTGCATTGTGTACATTATCGCTGCACCAGTT,Rdx,radixin,"Rattus norvegicus radixin (Rdx), mRNA [NM_001005889]"
A_64_P130551,0.004483312039610532,1.1499156667999992,CTTGTTATGTTTTTCGGGGCTGCCCATGGCCTAATTTTTATTCCAGTATTCTTAACCTTT,Ptchd3,patched domain containing 3,"PREDICTED: Rattus norvegicus patched domain containing 3 (Ptchd3), mRNA [XM_001081846]"
A_64_P072473,0.004842074695595309,1.2043186310000014,TTTTGGTCTAACAACCCTGCTAGAAGGCACACACCTGGTATTCCACATAATCTTCGCCTT,Gpr115,G protein-coupled receptor 115,Uncharacterized protein [Source:UniProtKB/TrEMBL;Acc:D3ZTY4] [ENSRNOT00000016906]
A_64_P089421,0.005295206820601242,1.0920969251,GGAAGAGAAGTCCCGACTGTTGGAGAAGGAAAACCGAGAACTGGAAAAGATCATCGCTGA,Gabbr1,gamma-aminobutyric acid (GABA) B receptor 1,"Rattus norvegicus gamma-aminobutyric acid (GABA) B receptor 1 (Gabbr1), mRNA [NM_031028]"
A_44_P515441,0.0055270379092690605,1.3989208490999996,ATCTTTTGTTGCTACAAAGGACATTGACACTACCCCATTGACCAATACTTTTGGTTGTGT,,,Cytochrome P450 2C55 [Source:UniProtKB/Swiss-Prot;Acc:P33273] [ENSRNOT00000015801]
A_42_P552640,0.006210044040676139,1.0231498802999974,GCATAAATGCTTTTATAACAAACAACAGTGGTGTGACTTGCCAAAACTTTTCTGGCAAAT,Mmp16,matrix metallopeptidase 16,"Rattus norvegicus matrix metallopeptidase 16 (Mmp16), mRNA [NM_080776]"
A_42_P513294,0.00658810228091442,1.1497986369000017,GGCACAGGAAACATCCATGTGGAATGGACTGATTTGAACTGGACTGTTTTCAGTTTAAGC,Ndn,necdin homolog (mouse),"Rattus norvegicus necdin homolog (mouse) (Ndn), mRNA [NM_001008558]"
A_43_P12665,0.00658810228091442,1.7091551368000006,AGCCTGGGTGACATCACAGCATTTCAGTGTCGGTCACATTTTAAACTGATCAGCCTTTGT,Mmp24,matrix metallopeptidase 24,"Rattus norvegicus matrix metallopeptidase 24 (Mmp24), mRNA [NM_031757]"
A_64_P089415,0.006962477348207877,1.5965358847000015,TCAGAACTTAAGGGAAAAAGAAATGGGGACAGGTTGGAGGCTGTTTCCAGTGGAATAGTG,Gabbr1,gamma-aminobutyric acid (GABA) B receptor 1,"Rattus norvegicus gamma-aminobutyric acid (GABA) B receptor 1 (Gabbr1), mRNA [NM_031028]"
A_64_P043174,0.007458584484123881,1.0369626964000016,GGGACCCTGAGATATAATACCTCTTGTTCATAATGGTACATTAATAAATTTGTCTGGTTC,Hist3h2ba,"histone cluster 3, H2ba","Rattus norvegicus histone cluster 3, H2ba (Hist3h2ba), mRNA [NM_001111127]"
